first,last,age
jack,malik,50
john,smith,15
joe,doe,65
alan,smith,45
kevin,costner,55
angelina,jolie,43
foo,bar,17
jack,malik2,48
john,smith2,17
joe,doe2,33
alan,smith2,44
kevin,costner2,57
angelina,jolie2,77
foo,bar2,13
jack,malik3,39
john,smith3,19
joe,doe3,58
alan,smith3,41
kevin,costner3,61
angelina,jolie3,16
foo,bar3,48
jack,malik4,22
john,smith4,28
joe,doe4,30
alan,smith4,35
kevin,costner4,52
angelina,jolie4,67
foo,bar4,79
jack,malik5,22
john,smith5,13
joe,doe5,42
alan,smith5,47
kevin,costner5,68
angelina,jolie5,33
foo,bar5,46



